cluster,center
0,4.991653168282089
1,2.0400236532884986
2,4.098486563633262
3,1.005256794059235
4,3.0726482342919983
